Snow Shovelers/Snow Blower Operators (4546858),https://illinoisjoblink.illinois.gov/ada/r/jobs/4546858,"""Various city locations, Chicago, IL 60608, """
Snow Plow Operator (4546884),https://illinoisjoblink.illinois.gov/ada/r/jobs/4546884,"""23940 WEST ANDREW ROAD, Plainfield, IL 60585, """
Building Operating Engineer (4581086),https://illinoisjoblink.illinois.gov/ada/r/jobs/4581086,"""PO BOX 19601, Springfield, IL 62794, """
Health Care Administrator II (4544176),https://illinoisjoblink.illinois.gov/ada/r/jobs/4544176,"""327 WEST CALHOUN AVE, Springfield, IL 62702, """
Laboratory Animal Care Technician (4544144),https://illinoisjoblink.illinois.gov/ada/r/jobs/4544144,"""327 WEST CALHOUN AVE, Springfield, IL 62702, """
Security Guard (4588072),https://illinoisjoblink.illinois.gov/ada/r/jobs/4588072,"""327 WEST CALHOUN AVE, Springfield, IL 62702, """
Licensed Practical Nurse (LPN) II - Quincy (4590682),https://illinoisjoblink.illinois.gov/ada/r/jobs/4590682,"""612 NORTH 11TH, Quincy, IL 62301, """
Store Associate (4544350),https://illinoisjoblink.illinois.gov/ada/r/jobs/4544350,"""407a North Dunlap, Savoy, IL 61874, """
Landscaper/Gounds Keeper (4573246),https://illinoisjoblink.illinois.gov/ada/r/jobs/4573246,"""91 KIMBERLY COURT, Suite 200, Collinsville, IL 62234, """
Medical Assistant - Extra Help/Temporary (4576305),https://illinoisjoblink.illinois.gov/ada/r/jobs/4576305,"""PO BOX 19601, Springfield, IL 62794, """
"Banking Center Manager - Marshall, Il (4549168)",https://illinoisjoblink.illinois.gov/ada/r/jobs/4549168,"""CITY, Marshall, IL 62441, """
Teller (Peak Time) / Olney (4549182),https://illinoisjoblink.illinois.gov/ada/r/jobs/4549182,"""., Olney, IL 62450, """
Senior Application Processor - Champaign il (4369643),https://illinoisjoblink.illinois.gov/ada/r/jobs/4369643,"""UNIVERSITY AND BROADWAY, Champaign, IL 61820, """
"Mortgage Originator - Bloomington,Il (4369586)",https://illinoisjoblink.illinois.gov/ada/r/jobs/4369586,"""18854 US HIGHWAY 150, Bloomington, IL 61750, """
"Mortgage Originator - Robinson,Il (4493182)",https://illinoisjoblink.illinois.gov/ada/r/jobs/4493182,"""#1 MAKE WAY, Robinson, IL 62454, """
Machinist (operate surface grinding machine) (4598501),https://illinoisjoblink.illinois.gov/ada/r/jobs/4598501,"""2923 SOUTH WABASH, Centralia, IL 62801, """
Production Line Worker (4554864),https://illinoisjoblink.illinois.gov/ada/r/jobs/4554864,"""1037 STATE, Chester, IL 62233, """
Truck Driver (4554862),https://illinoisjoblink.illinois.gov/ada/r/jobs/4554862,"""1037 STATE, Chester, IL 62233, """
Package Handler (4516678),https://illinoisjoblink.illinois.gov/ada/r/jobs/4516678,"""1260, Rowena Road, Grayslake, IL 60030, """
Clinic Nurse - Decatur - Extra Help/Temporary (4595491),https://illinoisjoblink.illinois.gov/ada/r/jobs/4595491,"""1750 EAST LAKE SHORE DRIVE, Decatur, IL 62521, """
Theater Crew Member (4590492),https://illinoisjoblink.illinois.gov/ada/r/jobs/4590492,"""1850 Tower Dr, Glenview, IL 60026, """
Voice System Administrator (4576278),https://illinoisjoblink.illinois.gov/ada/r/jobs/4576278,"""718 W. College Avenue, Campus Box 1300, Normal, IL 61790-1300, """
Certified Nursing Assistant (4575860),https://illinoisjoblink.illinois.gov/ada/r/jobs/4575860,"""2170 NAVAJO DRIVE, Freeport, IL 61032, """
Adult Protective Caseworker (4598515),https://illinoisjoblink.illinois.gov/ada/r/jobs/4598515,"""309 NORTH FRANKLIN, Danville, IL 61832, """
Marketing Specialist (4598332),https://illinoisjoblink.illinois.gov/ada/r/jobs/4598332,"""4343 Old Grand Ave, STE 108, Gurnee, IL 60031, """
"Janitor - Champaign,Il (4416677)",https://illinoisjoblink.illinois.gov/ada/r/jobs/4416677,"""*, Champaign, IL 61820, """
"Forklift Operator - Champaign,Il (4252652)",https://illinoisjoblink.illinois.gov/ada/r/jobs/4252652,"""*, Champaign, IL 61820, """
Reimbursement Specialist (4598306),https://illinoisjoblink.illinois.gov/ada/r/jobs/4598306,"""501 ELLA AVENUE, Joliet, IL 60433, """
24-Live-in Caregiver (4600371),https://illinoisjoblink.illinois.gov/ada/r/jobs/4600371,"""119 NORTH WYMAN, same, rockford, IL 61101, """
Sales Manager (4598511),https://illinoisjoblink.illinois.gov/ada/r/jobs/4598511,"""12 EAST WEST NEWELL, Danville, IL 61834, """
Equipment Operator/Laborer (4063603),https://illinoisjoblink.illinois.gov/ada/r/jobs/4063603,"""1924 County Road 3000 N, Rantoul, IL 61866, """
Physician (NG1039166),https://illinoisjoblink.illinois.gov/ada/r/jobs/4534663,"""Adams County, IL , """
Highway Maintainer - INFORMATIONAL POSTING (NG493428),https://illinoisjoblink.illinois.gov/ada/r/jobs/4534673,"""Statewide, IL , """
Registered Nurse II (NG517069),https://illinoisjoblink.illinois.gov/ada/r/jobs/4534675,"""Adams County, IL , """
Registered Nurse I (Upward Mobility Target Title) (NG517109),https://illinoisjoblink.illinois.gov/ada/r/jobs/4534677,"""Union County, IL , """
Support Service Worker-Dietary-Part time (NG810454),https://illinoisjoblink.illinois.gov/ada/r/jobs/4534694,"""Union County, IL , """
Office Clerk - Opt SS1 (NG94275),https://illinoisjoblink.illinois.gov/ada/r/jobs/4534701,"""Statewide, IL , """
Office Assistant - Opt 1 (NG94376),https://illinoisjoblink.illinois.gov/ada/r/jobs/4534703,"""Statewide, IL , """
Office Assistant - Opt SS1 (NG94474),https://illinoisjoblink.illinois.gov/ada/r/jobs/4534705,"""Statewide, IL , """
Social Services Career Trainee (NG94510),https://illinoisjoblink.illinois.gov/ada/r/jobs/4534707,"""Statewide, IL , """
Social Services Career Trainee - Opt SS (NG94514),https://illinoisjoblink.illinois.gov/ada/r/jobs/4534708,"""Statewide, IL , """
Human Services Caseworker (NG94519),https://illinoisjoblink.illinois.gov/ada/r/jobs/4534709,"""Statewide, IL , """
Child Protection Specialist (NG1413670),https://illinoisjoblink.illinois.gov/ada/r/jobs/4548801,"""Vermilion County, IL , """
Child Protection Specialist (NG1415134),https://illinoisjoblink.illinois.gov/ada/r/jobs/4548811,"""Cook County, IL , """
Day Care Licensing Representative II - Opt SS (Upward Mobili (NG1415214),https://illinoisjoblink.illinois.gov/ada/r/jobs/4548813,"""Cook County, IL , """
Corrections Nurse I (Upward Mobility Target Title) (NG1518448),https://illinoisjoblink.illinois.gov/ada/r/jobs/4548818,"""Rock Island County, IL , """
Accountant Supervisor (NG1575312),https://illinoisjoblink.illinois.gov/ada/r/jobs/4569599,"""Sangamon County, IL , """
Technical Advisor II (OSG) (NG1577767),https://illinoisjoblink.illinois.gov/ada/r/jobs/4569617,"""Peoria County, IL , """
Office Assistant - Opt 2 (NG1579439),https://illinoisjoblink.illinois.gov/ada/r/jobs/4572673,"""Cook County, IL , """
Executive Secretary III - Opt 2 (NG1579028),https://illinoisjoblink.illinois.gov/ada/r/jobs/4572676,"""Cook County, IL , """
Staff Development Specialist I (NG1579089),https://illinoisjoblink.illinois.gov/ada/r/jobs/4572677,"""Cook County, IL , """
Office Clerk - Opt 1 (NG1579111),https://illinoisjoblink.illinois.gov/ada/r/jobs/4572678,"""Cook County, IL , """
Public Aid Eligibility Assistant - Opt SS (NG1579247),https://illinoisjoblink.illinois.gov/ada/r/jobs/4572679,"""Cook County, IL , """
Residential Services Supervisor (Upward Mobility Target Titl (NG1579443),https://illinoisjoblink.illinois.gov/ada/r/jobs/4572696,"""Cook County Zone 3, IL , """
Human Services Casework Manager - Opt SS (NG1578406),https://illinoisjoblink.illinois.gov/ada/r/jobs/4572702,"""Cook County, IL , """
Human Services Casework Manager (NG1578544),https://illinoisjoblink.illinois.gov/ada/r/jobs/4572704,"""Ogle County, IL , """
Senior Public Service Administrator - Opt 8N (NG1578850),https://illinoisjoblink.illinois.gov/ada/r/jobs/4572706,"""Cook County, IL , """
Public Service Administrator - Opt 1 (NG1579083),https://illinoisjoblink.illinois.gov/ada/r/jobs/4572712,"""Lee County, IL , """
Management Operations Analyst II (NG1579097),https://illinoisjoblink.illinois.gov/ada/r/jobs/4572713,"""Sangamon County, IL , """
Public Aid Eligibility Assistant - Opt SS (NG1580028),https://illinoisjoblink.illinois.gov/ada/r/jobs/4578033,"""DeKalb County, IL , """
Mental Health Technician  III (NG1580018),https://illinoisjoblink.illinois.gov/ada/r/jobs/4580409,"""Union County, IL , """
Security Therapy Aide II (NG1580457),https://illinoisjoblink.illinois.gov/ada/r/jobs/4580412,"""Union County, IL , """
Senior Public Service Administrator - Opt 3 (NG1469150),https://illinoisjoblink.illinois.gov/ada/r/jobs/4580420,"""Sangamon County, IL , """
Registered Nurse I (Upward Mobility Target Title) (NG1474352),https://illinoisjoblink.illinois.gov/ada/r/jobs/4580422,"""LaSalle County, IL , """
Security Therapy Aide III (NG1372781),https://illinoisjoblink.illinois.gov/ada/r/jobs/4582824,"""Madison County, IL , """
Painter (NG1584197),https://illinoisjoblink.illinois.gov/ada/r/jobs/4587350,"""Cook County, IL , """
Educator - Opt B (NG1428481),https://illinoisjoblink.illinois.gov/ada/r/jobs/4587354,"""Kane County, IL , """
Corrections Medical Technician (Upward Mobility Target Title (NG1339285),https://illinoisjoblink.illinois.gov/ada/r/jobs/4587361,"""Statewide, IL , """
Maintenance Worker (NG1584380),https://illinoisjoblink.illinois.gov/ada/r/jobs/4590193,"""Lee County, IL , """
Stationary Engineer (NG1585859),https://illinoisjoblink.illinois.gov/ada/r/jobs/4590197,"""Sangamon County, IL , """
Environmental Protection Engineer Iv (NG1585215),https://illinoisjoblink.illinois.gov/ada/r/jobs/4590202,"""Champaign County, IL , """
Public Service Administrator - Opt 1 (NG1585471),https://illinoisjoblink.illinois.gov/ada/r/jobs/4590204,"""Cook County, IL , """
Public Service Administrator - Opt 6 SS (NG1586518),https://illinoisjoblink.illinois.gov/ada/r/jobs/4592542,"""Sangamon County, IL , """
Social Service Program Planner II (NG1586564),https://illinoisjoblink.illinois.gov/ada/r/jobs/4592545,"""Sangamon County, IL , """
Human Services Caseworker (Upward Mobility Target Title) (NG1586354),https://illinoisjoblink.illinois.gov/ada/r/jobs/4592551,"""Sangamon County, IL , """
Public Service Administrator - Opt 1 (NG1586375),https://illinoisjoblink.illinois.gov/ada/r/jobs/4592552,"""Sangamon County, IL , """
Stationary Engineer (NG1588269),https://illinoisjoblink.illinois.gov/ada/r/jobs/4595007,"""Cook County, IL , """
Human Services Caseworker - Opt SS (Upward Mobility Target T (NG1587815),https://illinoisjoblink.illinois.gov/ada/r/jobs/4595010,"""Cook County, IL , """
Senior Public Service Administrator - Opt 6 (NG1588168),https://illinoisjoblink.illinois.gov/ada/r/jobs/4595015,"""Clinton County, IL , """
Human Services Caseworker (Upward Mobility Target Title) (NG1587725),https://illinoisjoblink.illinois.gov/ada/r/jobs/4595022,"""Cook County, IL , """
Human Services Casework Manager - Opt SS (NG1587737),https://illinoisjoblink.illinois.gov/ada/r/jobs/4595024,"""Cook County, IL , """
Health Facilities Surveillance Nurse (NG1587567),https://illinoisjoblink.illinois.gov/ada/r/jobs/4595037,"""Williamson County, IL , """
Health Facilities Surveillance Nurse (NG1587576),https://illinoisjoblink.illinois.gov/ada/r/jobs/4595039,"""Cook County, IL , """
Office Associate - Opt 2 (NG1589531),https://illinoisjoblink.illinois.gov/ada/r/jobs/4597754,"""Cook County, IL , """
Dental Hygienist (NG1588872),https://illinoisjoblink.illinois.gov/ada/r/jobs/4597771,"""Livingston County, IL , """
Office Associate - Opt 2 (NG1588908),https://illinoisjoblink.illinois.gov/ada/r/jobs/4597774,"""Cook County, IL , """
Registered Nurse I (Upward Mobility Target Title) (NG1588934),https://illinoisjoblink.illinois.gov/ada/r/jobs/4597775,"""Livingston County, IL , """
Human Services Casework Manager - Opt SS (NG1589276),https://illinoisjoblink.illinois.gov/ada/r/jobs/4597778,"""Cook County, IL , """
TM V Technology Transfer Program Manager (NG1588660),https://illinoisjoblink.illinois.gov/ada/r/jobs/4597781,"""Sangamon County, IL , """
CE VI Construction Engineer (NG1588665),https://illinoisjoblink.illinois.gov/ada/r/jobs/4597782,"""Madison County, IL , """
Financial and Audit Support Staff (NG1563282),https://illinoisjoblink.illinois.gov/ada/r/jobs/4597784,"""Sangamon County, IL , """
Corrections Nurse Trainee (Upward Mobility Target Title) (NG1515263),https://illinoisjoblink.illinois.gov/ada/r/jobs/4534670,"""Macon County, IL , """
Registered Nurse II (NG448261),https://illinoisjoblink.illinois.gov/ada/r/jobs/4534672,"""Union County, IL , """
Licensed Practical Nurse I (Upward Mobility Target Title) (NG517157),https://illinoisjoblink.illinois.gov/ada/r/jobs/4534678,"""Adams County, IL , """
Veterans Nursing Assistant-Certified (Upward Mobility Target (NG747791),https://illinoisjoblink.illinois.gov/ada/r/jobs/4534684,"""Union County, IL , """
Child Welfare Specialist - Opt SS (Upward Mobility Target Ti (NG875439),https://illinoisjoblink.illinois.gov/ada/r/jobs/4534695,"""Sangamon County, IL , """
Rehabilitation Case Coordinator I - Opt MC (NG93705),https://illinoisjoblink.illinois.gov/ada/r/jobs/4534699,"""Statewide, IL , """
Office Clerk - Opt SS2 (NG94285),https://illinoisjoblink.illinois.gov/ada/r/jobs/4534702,"""Statewide, IL , """
Child Protection Specialist (NG1413676),https://illinoisjoblink.illinois.gov/ada/r/jobs/4548802,"""Peoria County, IL , """
Child Protection Specialist - Opt SS (NG1414990),https://illinoisjoblink.illinois.gov/ada/r/jobs/4548804,"""Lake County, IL , """
Child Protection Specialist - Opt SS (NG1415105),https://illinoisjoblink.illinois.gov/ada/r/jobs/4548809,"""Cook County, IL , """
Day Care Licensing Representative II - Opt SS (Upward Mobili (NG1415233),https://illinoisjoblink.illinois.gov/ada/r/jobs/4548815,"""Kane County, IL , """
Day Care Licensing Representative II (Upward Mobility Target (NG1415263),https://illinoisjoblink.illinois.gov/ada/r/jobs/4548817,"""McHenry County, IL , """
Educator - Opt C (NG1544352),https://illinoisjoblink.illinois.gov/ada/r/jobs/4548820,"""Jersey County, IL , """
Day Care Licensing Representative II (Upward Mobility Target (NG1415958),https://illinoisjoblink.illinois.gov/ada/r/jobs/4558372,"""Peoria County, IL , """
Day Care Licensing Representative II (Upward Mobility Target (NG1415962),https://illinoisjoblink.illinois.gov/ada/r/jobs/4558373,"""Rock Island County, IL , """
Public Service Administrator - Opt 8N (NG1574955),https://illinoisjoblink.illinois.gov/ada/r/jobs/4561235,"""Lee County, IL , """
Analyst (NG1318929),https://illinoisjoblink.illinois.gov/ada/r/jobs/4566390,"""Sangamon County, IL , """
Attorney (NG1395497),https://illinoisjoblink.illinois.gov/ada/r/jobs/4566391,"""Cook County, IL , """
Public Service Administrator - Opt 8L (NG1471833),https://illinoisjoblink.illinois.gov/ada/r/jobs/4566392,"""Adams County, IL , """
Account Technician II (NG1575276),https://illinoisjoblink.illinois.gov/ada/r/jobs/4569592,"""Sangamon County, IL , """
Account Technician II (NG1575293),https://illinoisjoblink.illinois.gov/ada/r/jobs/4569593,"""Sangamon County, IL , """
"Technical Advisor II, Legal Advocacy Service (NG1577964)",https://illinoisjoblink.illinois.gov/ada/r/jobs/4569605,"""Peoria County, IL , """
Public Service Administrator - Opt 1 (NG1578064),https://illinoisjoblink.illinois.gov/ada/r/jobs/4569609,"""Winnebago County, IL , """
Support Service Worker (NG1579772),https://illinoisjoblink.illinois.gov/ada/r/jobs/4572671,"""Kane County, IL , """
Human Services Caseworker (Upward Mobility Target Title) (NG1579498),https://illinoisjoblink.illinois.gov/ada/r/jobs/4572682,"""Macon County, IL , """
Storekeeper III (NG1579316),https://illinoisjoblink.illinois.gov/ada/r/jobs/4572686,"""Adams County, IL , """
Human Services Caseworker (Upward Mobility Target Title) (NG1579465),https://illinoisjoblink.illinois.gov/ada/r/jobs/4572698,"""Jersey County, IL , """
Human Services Caseworker (Upward Mobility Target Title) (NG1575580),https://illinoisjoblink.illinois.gov/ada/r/jobs/4572700,"""Madison County, IL , """
Human Resources Specialist (NG1579060),https://illinoisjoblink.illinois.gov/ada/r/jobs/4572710,"""Sangamon County, IL , """
Public Administration Intern (NG1579066),https://illinoisjoblink.illinois.gov/ada/r/jobs/4572711,"""Sangamon County, IL , """
Senior Public Service Administrator - Opt 6 (NG1560982),https://illinoisjoblink.illinois.gov/ada/r/jobs/4575734,"""Madison County, IL , """
Security Officer (Upward Mobility Target Title) (NG739583),https://illinoisjoblink.illinois.gov/ada/r/jobs/4575736,"""Cook County, IL , """
Registered Nurse I (Upward Mobility Target Title) (NG1581770),https://illinoisjoblink.illinois.gov/ada/r/jobs/4578028,"""Cook County Zone 3, IL , """
Psychologist II (Upward Mobility Target Title) (NG1581831),https://illinoisjoblink.illinois.gov/ada/r/jobs/4578029,"""Cook County Zone 3, IL , """
Human Services Caseworker (Upward Mobility Target Title) (NG1580728),https://illinoisjoblink.illinois.gov/ada/r/jobs/4578035,"""Winnebago County, IL , """
Carpenter (NG1579084),https://illinoisjoblink.illinois.gov/ada/r/jobs/4580397,"""Kane County, IL , """
Staff Development Specialist I (NG1583176),https://illinoisjoblink.illinois.gov/ada/r/jobs/4580400,"""Champaign County, IL , """
Elevator Inspector (NG1580996),https://illinoisjoblink.illinois.gov/ada/r/jobs/4580404,"""Will County, IL , """
Office Associate - Opt 2 (NG1580029),https://illinoisjoblink.illinois.gov/ada/r/jobs/4580410,"""Union County, IL , """
Public Service Administrator - Opt 6 (NG1580382),https://illinoisjoblink.illinois.gov/ada/r/jobs/4580411,"""Union County, IL , """
TM II Benefits Administrator (NG1582624),https://illinoisjoblink.illinois.gov/ada/r/jobs/4580419,"""Sangamon County, IL , """
Day Care Licensing Representative II (Upward Mobility Target (NG1528760),https://illinoisjoblink.illinois.gov/ada/r/jobs/4580426,"""Winnebago County, IL , """
Support Service Worker (NG1583943),https://illinoisjoblink.illinois.gov/ada/r/jobs/4582825,"""Randolph County, IL , """
Support Service Worker (NG1583922),https://illinoisjoblink.illinois.gov/ada/r/jobs/4582829,"""Randolph County, IL , """
Stationary Engineer (NG1583894),https://illinoisjoblink.illinois.gov/ada/r/jobs/4587349,"""Cook County, IL , """
Senior Public Service Administrator - Opt 6 (NG924405),https://illinoisjoblink.illinois.gov/ada/r/jobs/4590198,"""Cook County, IL , """
Correctional Lieutenant (Upward Mobility Target Title) (NG1585323),https://illinoisjoblink.illinois.gov/ada/r/jobs/4590203,"""Perry County, IL , """
Arrest Grant Project Coordinator (NG1583388),https://illinoisjoblink.illinois.gov/ada/r/jobs/4592537,"""Cook County, IL , """
Human Resources Representative (NG1586988),https://illinoisjoblink.illinois.gov/ada/r/jobs/4592539,"""Lake County, IL , """
Storekeeper I (NG1588448),https://illinoisjoblink.illinois.gov/ada/r/jobs/4595002,"""Cook County Zone 4, IL , """
Office Associate - Opt SS2 (NG1587827),https://illinoisjoblink.illinois.gov/ada/r/jobs/4595011,"""Cook County, IL , """
Public Aid Eligibility Assistant (NG1587749),https://illinoisjoblink.illinois.gov/ada/r/jobs/4595026,"""Cook County, IL , """
Executive I - Opt H7 (NG1587761),https://illinoisjoblink.illinois.gov/ada/r/jobs/4595027,"""Cook County, IL , """
Human Services Caseworker - Opt CH (Upward Mobility Target T (NG1587787),https://illinoisjoblink.illinois.gov/ada/r/jobs/4595030,"""Cook County, IL , """
Senior Public Service Administrator - Opt 8N (NG1209301),https://illinoisjoblink.illinois.gov/ada/r/jobs/4595032,"""Cook County, IL , """
Site Superintendent II - Opt 1 (NG1587547),https://illinoisjoblink.illinois.gov/ada/r/jobs/4595033,"""Cook County, IL , """
Health Facilities Surveillance Nurse (NG1587548),https://illinoisjoblink.illinois.gov/ada/r/jobs/4595034,"""Sangamon County, IL , """
Support Service Coordinator I (NG739862),https://illinoisjoblink.illinois.gov/ada/r/jobs/4595043,"""Cook County, IL , """
Dietary Manager II (NG1405159),https://illinoisjoblink.illinois.gov/ada/r/jobs/4595046,"""Madison County, IL , """
Corrections Nurse Trainee (Upward Mobility Target Title) (NG1509971),https://illinoisjoblink.illinois.gov/ada/r/jobs/4595047,"""Logan County, IL , """
Corrections Nurse I (Upward Mobility Target Title) (NG1510083),https://illinoisjoblink.illinois.gov/ada/r/jobs/4595048,"""Logan County, IL , """
Office Assistant - Opt 2 (NG1589509),https://illinoisjoblink.illinois.gov/ada/r/jobs/4597755,"""Cook County, IL , """
Staff Development Specialist I (NG1589378),https://illinoisjoblink.illinois.gov/ada/r/jobs/4597756,"""Cook County, IL , """
Security Therapy Aide II (NG1589382),https://illinoisjoblink.illinois.gov/ada/r/jobs/4597757,"""Madison County, IL , """
Public Aid Eligibility Assistant (NG1589348),https://illinoisjoblink.illinois.gov/ada/r/jobs/4597764,"""Cook County, IL , """
Public Aid Eligibility Assistant - Opt SS (NG1589360),https://illinoisjoblink.illinois.gov/ada/r/jobs/4597766,"""Cook County, IL , """
Senior Public Service Administrator - Opt 7 - Assistant Ward (NG1588349),https://illinoisjoblink.illinois.gov/ada/r/jobs/4597769,"""Will County, IL , """
ET V Computer Aided Design & Drafting Supervisor (NG1588671),https://illinoisjoblink.illinois.gov/ada/r/jobs/4597783,"""Lee County, IL , """
Educator - Opt B (NG1216570),https://illinoisjoblink.illinois.gov/ada/r/jobs/4534666,"""Kane County, IL , """
Educator - Opt B (NG1271672),https://illinoisjoblink.illinois.gov/ada/r/jobs/4534667,"""DuPage County, IL , """
Juvenile Justice Specialist Intern - Upward Mobility (NG165077),https://illinoisjoblink.illinois.gov/ada/r/jobs/4534671,"""Statewide, IL , """
Registered Nurse I (Upward Mobility Target Title) (NG517107),https://illinoisjoblink.illinois.gov/ada/r/jobs/4534676,"""Kankakee County, IL , """
Licensed Practical Nurse II (Upward Mobility Target Title) (NG517171),https://illinoisjoblink.illinois.gov/ada/r/jobs/4534680,"""Union County, IL , """
Veterans Nursing Assistant - Certified (Upward Mobility Targ (NG517224),https://illinoisjoblink.illinois.gov/ada/r/jobs/4534683,"""Union County, IL , """
Licensed Practical Nurse II (Upward Mobility Target Title) (NG810284),https://illinoisjoblink.illinois.gov/ada/r/jobs/4534689,"""Union County, IL , """
Support Service Worker (NG810432),https://illinoisjoblink.illinois.gov/ada/r/jobs/4534691,"""Adams County, IL , """
Office Assistant - Opt SS2 (NG94488),https://illinoisjoblink.illinois.gov/ada/r/jobs/4534706,"""Statewide, IL , """
Office Assistant - Opt 2 (NG97404),https://illinoisjoblink.illinois.gov/ada/r/jobs/4534712,"""Will County, IL , """
Child Protection Specialist - Opt SS (NG1415065),https://illinoisjoblink.illinois.gov/ada/r/jobs/4548807,"""Kankakee County, IL , """
Child Protection Specialist (NG1415121),https://illinoisjoblink.illinois.gov/ada/r/jobs/4548810,"""Lake County, IL , """
Day Care Licensing Representative II (Upward Mobility Target (NG1415255),https://illinoisjoblink.illinois.gov/ada/r/jobs/4548816,"""Knox County, IL , """
Executive I - Opt H7 (NG1575100),https://illinoisjoblink.illinois.gov/ada/r/jobs/4569587,"""Sangamon County, IL , """
Executive I - Opt H7 (NG1575144),https://illinoisjoblink.illinois.gov/ada/r/jobs/4569588,"""Sangamon County, IL , """
GAAP Accountant (NG1538286),https://illinoisjoblink.illinois.gov/ada/r/jobs/4569590,"""Sangamon County, IL , """
Technical Advisor II (OSG) (NG1577762),https://illinoisjoblink.illinois.gov/ada/r/jobs/4569601,"""Champaign County, IL , """
Office Assistant - Opt 2 (NG1579161),https://illinoisjoblink.illinois.gov/ada/r/jobs/4572672,"""Cook County, IL , """
NONCODE (NG1579541),https://illinoisjoblink.illinois.gov/ada/r/jobs/4572683,"""Cook County, IL , """
Registered Nurse II (NG1579332),https://illinoisjoblink.illinois.gov/ada/r/jobs/4572693,"""Adams County, IL , """
Residential Services Supervisor (Upward Mobility Target Titl (NG1579478),https://illinoisjoblink.illinois.gov/ada/r/jobs/4572699,"""Cook County Zone 3, IL , """
Truck Weighing Inspector (NG1404282),https://illinoisjoblink.illinois.gov/ada/r/jobs/4575733,"""Rock Island County, IL , """
Maintenance Equipment Operator (NG1581572),https://illinoisjoblink.illinois.gov/ada/r/jobs/4578025,"""Morgan County, IL , """
Office Coordinator - Opt 2 (NG1403286),https://illinoisjoblink.illinois.gov/ada/r/jobs/4580401,"""Sangamon County, IL , """
"TM V Unit Chief, Program Monitoring & Report (NG1582588)",https://illinoisjoblink.illinois.gov/ada/r/jobs/4580417,"""Sangamon County, IL , """
GEO II Geologic & Waste Assessment Specialist (NG1582606),https://illinoisjoblink.illinois.gov/ada/r/jobs/4580418,"""Sangamon County, IL , """
Public Aid Eligibility Assistant - Opt SS (NG1583805),https://illinoisjoblink.illinois.gov/ada/r/jobs/4582827,"""Cook County, IL , """
School Psychologist (NG1507447),https://illinoisjoblink.illinois.gov/ada/r/jobs/4587358,"""Jersey County, IL , """
Mental Health Technician Trainee I (NG1585497),https://illinoisjoblink.illinois.gov/ada/r/jobs/4590195,"""Cook County, IL , """
Correctional Lieutenant (JCC)(Upward Mobility Target Title) (NG1585819),https://illinoisjoblink.illinois.gov/ada/r/jobs/4590196,"""Morgan County, IL , """
Human Services Casework Manager (NG1583661),https://illinoisjoblink.illinois.gov/ada/r/jobs/4590199,"""Cook County, IL , """
Executive I - Opt H7 (NG1587144),https://illinoisjoblink.illinois.gov/ada/r/jobs/4592535,"""Sangamon County, IL , """
Public Aid Eligibility Assistant (NG1586453),https://illinoisjoblink.illinois.gov/ada/r/jobs/4592541,"""Coles County, IL , """
Social Service Program Planner III (NG1586537),https://illinoisjoblink.illinois.gov/ada/r/jobs/4592544,"""Sangamon County, IL , """
Correctional Lieutenant (Upward Mobility Target Title) (NG1585406),https://illinoisjoblink.illinois.gov/ada/r/jobs/4592548,"""Montgomery County, IL , """
Human Services Caseworker (Upward Mobility Target Title) (NG1586350),https://illinoisjoblink.illinois.gov/ada/r/jobs/4592550,"""Macon County, IL , """
Registered Nurse II Infection Control Coordinator (NG961346),https://illinoisjoblink.illinois.gov/ada/r/jobs/4592556,"""Cook County, IL , """
Site Superintendent III - Opt 1 (NG1587703),https://illinoisjoblink.illinois.gov/ada/r/jobs/4595021,"""Moultrie County, IL , """
Executive I - Opt H7 (NG1587735),https://illinoisjoblink.illinois.gov/ada/r/jobs/4595023,"""Cook County, IL , """
Office Associate - Opt 2 (NG1587791),https://illinoisjoblink.illinois.gov/ada/r/jobs/4595031,"""Cook County, IL , """
Health Facilities Surveillance Nurse (NG1587562),https://illinoisjoblink.illinois.gov/ada/r/jobs/4595035,"""Madison County, IL , """
Public Service Administrator - Opt 6 (NG1587590),https://illinoisjoblink.illinois.gov/ada/r/jobs/4595041,"""Sangamon County, IL , """
Site Superintendent II - Opt 1 (NG1587598),https://illinoisjoblink.illinois.gov/ada/r/jobs/4595042,"""Knox County, IL , """
Educator Career & Technical (NG1482738),https://illinoisjoblink.illinois.gov/ada/r/jobs/4595045,"""Kane County, IL , """
Staff Development Specialist I (NG1589396),https://illinoisjoblink.illinois.gov/ada/r/jobs/4597758,"""Cook County, IL , """
Executive Secretary I - Opt 2 (Upward Mobility Target Title) (NG1589489),https://illinoisjoblink.illinois.gov/ada/r/jobs/4597759,"""Cook County, IL , """
Executive I - Opt H7 (NG1589349),https://illinoisjoblink.illinois.gov/ada/r/jobs/4597765,"""Cook County, IL , """
Office Assistant - Opt 2 (NG1588780),https://illinoisjoblink.illinois.gov/ada/r/jobs/4597770,"""Cook County Zone 4, IL , """
Educator - Opt MCC (NG1588902),https://illinoisjoblink.illinois.gov/ada/r/jobs/4597772,"""Morgan County, IL , """
Educator - Opt MCC (NG1588904),https://illinoisjoblink.illinois.gov/ada/r/jobs/4597773,"""Morgan County, IL , """
Child Welfare Specialist - Opt SS (Upward Mobility Target Ti (NG1097273),https://illinoisjoblink.illinois.gov/ada/r/jobs/4534664,"""Winnebago County, IL , """
Educator - Opt C (NG1175391),https://illinoisjoblink.illinois.gov/ada/r/jobs/4534665,"""Saline County, IL , """
Corrections Nurse I (Upward Mobility Target Title) (NG1515176),https://illinoisjoblink.illinois.gov/ada/r/jobs/4534669,"""Macon County, IL , """
Highway Maintainer - Spanish Speaking - INFORMATIONAL POSTIN (NG493572),https://illinoisjoblink.illinois.gov/ada/r/jobs/4534674,"""Statewide, IL , """
Licensed Practical Nurse II (Upward Mobility Target Title) (NG517168),https://illinoisjoblink.illinois.gov/ada/r/jobs/4534679,"""Adams County, IL , """
Licensed Practical Nurse I (Upward Mobility Target Title) (NG517178),https://illinoisjoblink.illinois.gov/ada/r/jobs/4534681,"""Adams County, IL , """
Licensed Practical Nurse I (Upward Mobility Target Title) (NG810180),https://illinoisjoblink.illinois.gov/ada/r/jobs/4534685,"""Kankakee County, IL , """
Licensed Practical Nurse II (Upward Mobility Target Title) (NG810194),https://illinoisjoblink.illinois.gov/ada/r/jobs/4534686,"""Kankakee County, IL , """
Support Service Worker (Housekeeping) (NG810441),https://illinoisjoblink.illinois.gov/ada/r/jobs/4534693,"""Union County, IL , """
Social Services Career Trainee - Opt SS (NG93444),https://illinoisjoblink.illinois.gov/ada/r/jobs/4534697,"""Statewide, IL , """
Office Clerk - Opt 2 (NG94265),https://illinoisjoblink.illinois.gov/ada/r/jobs/4534700,"""Statewide, IL , """
Office Assistant - Opt 2 (NG94402),https://illinoisjoblink.illinois.gov/ada/r/jobs/4534704,"""Statewide, IL , """
Corrections Nurse I (Upward Mobility Target Title) (NG1278134),https://illinoisjoblink.illinois.gov/ada/r/jobs/4548800,"""DuPage County, IL , """
Child Protection Specialist - Opt SS (NG1415000),https://illinoisjoblink.illinois.gov/ada/r/jobs/4548805,"""DeKalb County, IL , """
Child Protection Specialist - Opt SS (NG1415076),https://illinoisjoblink.illinois.gov/ada/r/jobs/4548808,"""Winnebago County, IL , """
Child Welfare Specialist - Opt SS (Upward Mobility Target Ti (NG1415176),https://illinoisjoblink.illinois.gov/ada/r/jobs/4548812,"""Cook County, IL , """
Day Care Licensing Representative II - Opt SS (Upward Mobili (NG1415224),https://illinoisjoblink.illinois.gov/ada/r/jobs/4548814,"""Lake County, IL , """
Corrections Nurse Trainee (Upward Mobility Target Title) (NG1518579),https://illinoisjoblink.illinois.gov/ada/r/jobs/4548819,"""Rock Island County, IL , """
Educator - Career & Technical (NG1464402),https://illinoisjoblink.illinois.gov/ada/r/jobs/4558375,"""Jersey County, IL , """
Accountant (Upward Mobility Target Title) (NG1575257),https://illinoisjoblink.illinois.gov/ada/r/jobs/4569591,"""Sangamon County, IL , """
Support Service Worker- Food Services (NG1579421),https://illinoisjoblink.illinois.gov/ada/r/jobs/4572681,"""Lake County, IL , """
Staff Development Specialist I - Opt SS (NG1579433),https://illinoisjoblink.illinois.gov/ada/r/jobs/4572695,"""Morgan County, IL , """
Human Services Caseworker (Upward Mobility Target Title) (NG1579453),https://illinoisjoblink.illinois.gov/ada/r/jobs/4572697,"""Macoupin County, IL , """
Human Services Casework Manager (NG1578469),https://illinoisjoblink.illinois.gov/ada/r/jobs/4572703,"""Cook County, IL , """
Management Operations Analyst II (NG1578924),https://illinoisjoblink.illinois.gov/ada/r/jobs/4572707,"""Sangamon County, IL , """
Support Service Worker (NG1579013),https://illinoisjoblink.illinois.gov/ada/r/jobs/4572708,"""Morgan County, IL , """
Human Services Caseworker (Upward Mobility Target Title) (NG1579121),https://illinoisjoblink.illinois.gov/ada/r/jobs/4572714,"""Montgomery County, IL , """
Psychologist II (Upward Mobility Target Title) (NG1581901),https://illinoisjoblink.illinois.gov/ada/r/jobs/4578026,"""Cook County Zone 3, IL , """
Medical Administrator II Option C - Opt 06 (NG1365179),https://illinoisjoblink.illinois.gov/ada/r/jobs/4578027,"""Livingston County, IL , """
Public Aid Eligibility Assistant (NG1579396),https://illinoisjoblink.illinois.gov/ada/r/jobs/4578030,"""Cook County, IL , """
Public Aid Eligibility Assistant (NG1579486),https://illinoisjoblink.illinois.gov/ada/r/jobs/4578031,"""Cook County, IL , """
Office Associate - Opt 2 (NG1580013),https://illinoisjoblink.illinois.gov/ada/r/jobs/4578032,"""Cook County, IL , """
Executive I - Opt H7 (NG1583279),https://illinoisjoblink.illinois.gov/ada/r/jobs/4580395,"""Sangamon County, IL , """
Carpenter (NG1582592),https://illinoisjoblink.illinois.gov/ada/r/jobs/4580398,"""Union County, IL , """
Executive I - Opt H7 (NG1562324),https://illinoisjoblink.illinois.gov/ada/r/jobs/4580402,"""Sangamon County, IL , """
TM V Roadside Maintenance Manager (NG1582636),https://illinoisjoblink.illinois.gov/ada/r/jobs/4580405,"""Sangamon County, IL , """
Human Services Caseworker (Upward Mobility Target Title) (NG1583093),https://illinoisjoblink.illinois.gov/ada/r/jobs/4580406,"""Peoria County, IL , """
Public Aid Eligibility Assistant (NG1583132),https://illinoisjoblink.illinois.gov/ada/r/jobs/4580407,"""McLean County, IL , """
Support Service Coordinator I (NG1580675),https://illinoisjoblink.illinois.gov/ada/r/jobs/4580414,"""Union County, IL , """
TM IV Interstate & Special Programs Specialist (NG1582574),https://illinoisjoblink.illinois.gov/ada/r/jobs/4580416,"""Sangamon County, IL , """
Social Worker  II (Upward Mobility Target Title) (NG1583908),https://illinoisjoblink.illinois.gov/ada/r/jobs/4582828,"""Randolph County, IL , """
